complex,missing_residue_percent
11gi,19.623
11gj,22.822
11gk,52.772
11ic,23.504
12sn,23.19
21we,2.363
21wj,2.603
24ew,18.445
5uz9,3.842
6b47,4.574
6iqw,7.335
6kl9,17.204
6lnc,7.977
6m7d,21.132
6mcb,0.249
6mut,7.752
6muu,7.948
6nm9,10.393
6p7m,20.822
6pif,2.718
6pvk,20.274
6r7g,0.0
6sh8,1.09
6shb,0.97
6szu,26.252
6t0n,26.392
6t0r,27.757
6thn,2.398
6tw1,6.353
6v9q,10.414
6vqv,7.688
6vqx,7.222
6vrb,4.094
6w6v,15.667
6wua,48.175
6wub,15.245
6xmf,17.21
6xn3,3.967
6xn4,3.767
6xn5,7.024
6xzp,19.792
6xzr,19.812
6y0c,11.317
6ybs,43.931
6ypu,46.18
6yt9,46.18
6ytf,48.328
6yyt,9.565
6zol,40.828
7aap,23.933
7af3,42.815
7af5,43.071
7af8,42.888
7afa,43.181
7afd,42.925
7aoz,15.154
7b3d,21.716
7bg6,4.014
7bgd,19.043
7bkp,31.909
7bv2,20.308
7cxm,3.392
7da7,5.929
7dfg,15.485
7dfh,16.194
7dmq,31.023
7doi,15.84
7dok,6.943
7dte,5.526
7ed5,13.496
7el9,23.04
7ela,37.586
7elc,36.908
7elm,3.878
7exa,31.532
7jzw,4.031
7jzx,4.103
7jzz,8.215
7kjv,7.865
7kjw,7.116
7kjx,5.709
7ld5,25.347
7m4u,5.31
7mqf,4.245
7mqg,2.358
7mqh,2.358
7mqi,2.358
7n0d,4.473
7nha,28.506
7nhc,29.336
7nhx,11.037
7nuq,6.228
7oea,35.558
7ogk,2.242
7oi0,25.262
7ojn,10.289
7onu,12.067
7orn,24.004
7oro,11.646
7q4o,47.855
7q4p,67.039
7qtl,3.895
7r6q,37.057
7rdx,3.127
7re1,3.458
7sbb,9.974
7sp1,91.56
7uob,4.371
7uoe,4.238
7uws,20.533
7v93,25.67
7wah,8.577
7wv3,23.871
7wve,2.893
7x8a,20.154
7xc7,24.911
7xsp,27.972
7xsq,20.342
7xsr,21.098
7xw2,60.952
7y80,31.828
7y81,32.524
7y82,25.713
7y83,27.273
7y84,25.348
7y85,26.402
7y8t,18.586
7y8y,18.732
7y9x,7.315
7y9y,33.991
7yfq,8.629
7yfx,26.641
7yfy,7.967
7ygn,9.564
7ypw,47.815
7zgp,29.526
7zgr,43.613
7znj,38.108
7zol,4.927
7zoq,4.023
8acb,0.0
8acc,23.127
8as7,25.232
8asd,14.062
8b9g,17.622
8b9i,15.03
8bf5,7.832
8bf8,25.986
8c83,17.366
8c99,51.627
8ca7,34.373
8caz,44.65
8cbk,7.315
8cbm,7.785
8cf1,49.345
8cf8,42.977
8cgi,49.356
8cvo,48.68
8cwo,22.048
8cx0,13.166
8d4b,5.073
8d9f,0.0
8d9g,0.0
8dex,8.215
8dfs,3.84
8dfv,28.731
8dg5,30.148
8dvs,28.413
8dvu,28.716
8e2a,22.797
8e3i,26.112
8eex,14.405
8eey,17.456
8ewg,16.498
8eyq,3.725
8fni,23.636
8fvi,24.55
8fyh,55.008
8g6r,1.935
8g9s,1.842
8gna,31.086
8gs2,20.762
8gwn,2.766
8gzr,16.348
8h0i,13.208
8h2h,13.88
8hj4,5.411
8ibz,24.298
8j62,39.182
8jft,2.213
8jsl,50.947
8jtr,5.916
8kd9,1.966
8kgf,8.446
8kie,72.769
8oue,38.998
8p0b,39.261
8p0u,16.688
8p1n,41.618
8pm0,15.87
8pnf,0.0
8pnp,26.342
8psq,33.356
8pss,26.471
8psx,8.372
8psz,9.57
8pt2,7.62
8ptg,3.215
8pth,24.398
8ptj,25.334
8ptz,27.541
8q9t,20.694
8qca,38.636
8qcf,22.224
8qgt,40.81
8qh3,39.9
8r3z,9.189
8r60,29.076
8r8r,22.273
8rr1,11.081
8rr3,11.451
8s9t,6.317
8s9u,7.366
8s9v,7.333
8sq9,4.833
8t2s,12.882
8tdw,26.789
8ub9,47.238
8uba,47.288
8ubb,47.339
8ubc,50.205
8ud3,5.126
8vv2,12.412
8vvd,12.613
8w1o,2.259
8w2o,37.647
8w35,4.965
8wf8,3.362
8wf9,10.201
8wif,11.338
8wmc,15.439
8wml,7.109
8y9l,14.378
8ye6,3.873
8yh9,11.93
8yhd,33.409
8yig,25.275
8yii,23.947
8z3k,14.809
8z3p,2.139
8z4j,35.11
8z4l,33.937
8z85,41.933
8z8n,30.492
8z90,26.618
8zyc,16.352
9c77,0.692
9cgv,20.171
9dei,43.547
9dpa,14.409
9dpb,14.646
9dpl,13.253
9eca,28.861
9ecb,13.707
9ecc,13.9
9ecd,14.382
9enb,29.856
9ere,12.037
9erf,11.743
9ey0,8.598
9ey1,10.59
9eyi,24.138
9eyj,47.368
9eyk,45.735
9f0j,36.673
9g25,54.865
9g9a,19.118
9g9c,11.035
9g9e,10.466
9g9f,11.803
9g9g,10.431
9g9h,8.973
9g9i,12.53
9g9k,9.936
9gat,30.273
9gch,6.798
9gcl,44.704
9gcm,55.611
9gju,49.814
9gms,0.446
9gmt,0.446
9gmw,12.037
9gmx,12.037
9h8g,19.368
9h90,5.635
9h9i,44.034
9hai,23.225
9hfl,28.633
9ij0,21.912
9ij3,22.821
9ij4,21.156
9ij5,21.156
9iob,1.627
9j9e,23.365
9jhc,3.346
9k1o,7.197
9k6q,17.191
9k6r,41.427
9kbz,19.292
9ko9,2.746
9ktw,27.513
9ku4,27.513
9kwb,1.271
9l7c,4.513
9l8m,16.603
9lck,22.424
9lou,11.698
9m31,2.161
9m33,14.614
9m48,4.069
9m49,3.955
9m7u,14.146
9m7w,26.419
9muo,3.774
9mw9,5.283
9mx3,4.533
9mx5,0.0
9nep,4.651
9nfa,10.216
9nh5,47.256
9nh6,35.954
9njb,21.489
9nlv,1.084
9no0,19.269
9no4,0.151
9nq7,0.443
9nyy,12.803
9owx,0.466
9owy,0.466
9oxe,26.661
9oy8,8.028
9p38,18.382
9pz0,6.205
9qb2,43.75
9r7r,15.693
9r7s,15.693
9r7t,15.693
9r81,15.693
9r9z,25.649
9raf,24.633
9rag,26.249
9rv1,17.249
9rvy,78.209
9rw0,69.903
9rw3,78.414
9rwb,78.363
9rwz,38.996
9s1e,17.486
9sar,12.618
9sjo,12.281
9ss0,7.471
9ss2,4.556
9t0e,56.431
9t0z,6.144
9u5p,1.098
9ubl,31.118
9ubm,20.3
9ubo,7.177
9uie,2.856
9vcl,3.194
9vx1,24.182
9w1e,28.165
9w1f,27.558
9w1g,27.479
9w1h,15.377
9w1i,3.47
9w5i,13.501
9wxh,6.27
9wxi,7.45
9wxj,6.975
9xd5,60.091
9xd6,61.478
9xe7,19.671
9xyi,21.068
9ybn,57.05
9yck,4.979
9ycl,5.121
9ycm,4.836
9yco,5.121
9yfl,33.655
9yfo,31.23
9ymc,13.88
9yrl,4.648
9yrn,4.506
9yro,6.143
9yxv,29.002
9z2n,21.237
9z2o,24.154
9z2p,22.261
9z2q,21.329
9z2u,22.637
9z2w,23.454
9z3d,24.507
9zcd,18.522
9zq6,6.703
