resnum,known,rmsd
38,0,
39,0,
40,0,
41,0,
42,0,
43,0,
44,0,
45,0,
46,0,
47,0,
48,0,
49,0,
50,0,
51,0,
52,0,
53,0,
54,0,
55,0,
56,0,
57,0,
58,0,
59,0,
60,0,
61,0,
62,0,
63,0,
64,0,
65,0,
66,0,
67,0,
68,0,
69,0,
70,0,
71,0,
72,0,
73,0,
74,0,
75,0,
76,0,
77,0,
78,0,
79,0,
80,0,
81,0,
82,0,
83,0,
84,0,
85,0,
86,0,
87,0,
88,0,
89,0,
90,0,
91,0,
92,0,
93,0,
94,0,
95,0,
96,0,
97,0,
98,0,
99,0,
100,0,
101,0,
102,0,
103,0,
104,0,
105,0,
106,0,
107,0,
108,0,
109,0,
110,0,
111,0,
112,0,
113,0,
114,0,
115,0,
116,0,
117,0,
118,0,
119,0,
120,0,
121,0,
122,0,
123,0,
124,0,
125,0,
126,0,
127,0,
128,0,
129,0,
130,0,
131,0,
132,0,
133,0,
134,0,
135,0,
136,0,
137,0,
138,0,
139,0,
140,0,
141,0,
142,0,
143,0,
144,0,
145,0,
146,0,
147,0,
148,0,
149,0,
150,0,
151,0,
152,0,
153,0,
154,0,
155,0,
156,0,
157,0,
158,0,
159,0,
160,0,
161,0,
162,0,
163,0,
164,0,
165,0,
166,0,
167,0,
168,0,
169,0,
170,0,
171,0,
172,0,
173,0,
174,0,
175,0,
176,0,
177,0,
178,0,
179,0,
180,0,
181,0,
182,0,
183,0,
184,0,
185,0,
186,0,
187,0,
188,0,
189,0,
190,0,
191,0,
192,0,
193,0,
194,0,
195,0,
196,0,
197,0,
198,0,
199,0,
200,0,
201,0,
202,0,
203,0,
204,0,
205,0,
206,0,
207,0,
208,0,
209,0,
210,0,
211,0,
212,0,
213,0,
214,0,
215,0,
216,0,
217,0,
218,0,
219,0,
220,0,
221,0,
222,0,
223,0,
224,0,
225,0,
226,0,
227,0,
228,0,
229,0,
230,0,
231,0,
232,0,
233,0,
234,0,
235,0,
236,0,
237,0,
238,0,
239,0,
240,0,
241,0,
242,0,
243,0,
244,0,
245,0,
246,0,
247,0,
248,0,
249,0,
250,0,
251,0,
252,0,
253,0,
254,0,
255,0,
256,0,
257,0,
258,0,
259,0,
260,0,
261,0,
262,0,
263,0,
264,0,
265,0,
266,0,
267,0,
268,0,
269,0,
270,0,
271,0,
272,0,
273,0,
274,0,
275,0,
276,0,
277,0,
278,0,
279,0,
280,0,
281,0,
282,0,
283,0,
284,0,
285,0,
286,0,
287,0,
288,0,
289,0,
290,0,
291,0,
292,0,
293,0,
294,0,
295,0,
296,0,
297,0,
298,0,
299,0,
300,0,
301,0,
302,0,
303,0,
304,0,
305,0,
306,0,
307,0,
308,0,
309,0,
310,0,
311,0,
312,0,
313,0,
314,0,
315,0,
316,0,
317,0,
318,0,
319,0,
320,0,
321,0,
322,0,
323,0,
324,0,
325,0,
326,0,
327,0,
328,0,
329,0,
330,0,
331,0,
332,0,
333,0,
334,0,
335,0,
336,0,
337,0,
338,0,
339,0,
340,0,
341,0,
342,0,
343,0,
344,0,
345,0,
346,0,
347,0,
348,0,
349,0,
350,0,
351,0,
352,0,
353,0,
354,0,
355,0,
356,0,
357,0,
358,0,
359,0,
360,0,
361,0,
362,0,
363,0,
364,0,
365,0,
366,0,
367,0,
368,0,
369,0,
370,0,
371,0,
372,0,
373,0,
374,0,
375,0,
376,0,
377,0,
378,0,
379,0,
380,0,
381,0,
382,0,
383,0,
384,0,
385,0,
386,0,
387,0,
388,0,
389,0,
390,0,
391,0,
392,0,
393,0,
394,0,
395,0,
396,0,
397,0,
398,0,
399,0,
400,0,
401,0,
402,0,
403,0,
404,0,
405,0,
406,0,
407,0,
408,0,
409,0,
410,0,
411,1,1.630410
412,1,1.177900
413,1,2.162841
414,1,1.346644
415,1,1.671339
416,1,2.183345
417,1,1.144271
418,1,2.443042
419,1,0.967288
420,1,2.116704
421,1,1.408462
422,1,0.552663
423,1,0.785217
424,1,0.912726
425,1,0.600039
426,1,3.158374
427,1,1.526001
428,1,0.488008
429,1,0.806485
430,1,3.807690
431,1,2.679374
432,1,1.214316
433,1,2.254480
434,1,2.631940
435,1,1.785268
436,1,1.622099
437,1,0.823253
438,1,1.083894
439,1,1.396167
440,1,2.343159
441,1,2.152950
442,1,1.191734
443,1,2.162797
444,1,3.158759
445,1,0.437534
446,1,0.571533
447,1,1.252242
448,1,2.614638
449,1,0.965881
450,1,0.987000
451,1,2.072687
452,1,1.238604
453,1,1.886144
454,1,1.069182
455,1,2.096564
456,1,1.072240
457,1,1.382246
458,1,1.107424
459,1,0.375410
460,1,1.260562
461,1,0.302114
462,1,2.055386
463,1,0.787312
464,1,1.437406
465,1,1.048524
466,1,1.100138
467,1,0.398179
468,1,1.179897
469,0,
470,0,
471,0,
472,0,
473,0,
474,0,
475,0,
476,0,
477,0,
478,0,
479,0,
480,0,
481,0,
482,0,
483,0,
484,0,
485,0,
486,0,
487,0,
488,0,
489,0,
490,0,
491,0,
492,0,
493,0,
494,0,
495,0,
496,0,
497,0,
498,0,
499,0,
500,0,
501,0,
502,0,
503,1,1.418383
504,1,1.640941
505,1,1.913636
506,1,1.514551
507,1,1.638232
508,1,1.957980
509,1,0.873697
510,1,0.975992
511,1,1.063814
512,1,1.303880
513,1,1.504243
514,1,1.296268
515,1,1.790503
516,1,1.692555
517,1,1.733032
518,1,0.635037
519,1,1.121862
520,1,1.627860
521,1,0.711787
522,1,1.440161
523,1,1.342694
524,1,2.265868
525,1,2.296064
526,1,1.802825
527,1,0.604554
528,1,1.458345
529,1,2.097625
530,1,0.892362
531,1,0.847710
532,1,1.181030
533,1,1.519301
534,1,1.458854
535,1,2.682356
536,1,0.953279
537,1,2.193420
538,1,1.455779
539,1,1.238807
540,1,1.516555
541,1,0.986540
542,1,1.225764
543,1,0.951262
544,1,1.658219
545,1,1.871289
546,1,0.788628
547,1,0.932568
548,1,1.481852
549,1,1.782076
550,1,2.064136
551,1,0.507225
552,1,1.199350
553,1,2.401914
554,1,1.839035
555,1,0.583887
556,1,2.938330
557,1,3.984403
558,1,0.732025
559,1,2.566173
560,1,3.386036
561,1,2.269147
562,1,1.969679
563,1,1.657180
564,1,2.128166
565,1,1.168191
566,1,1.352948
567,1,0.753089
568,1,1.749719
569,1,0.718084
570,1,0.919099
571,1,1.371972
572,1,0.628511
573,1,1.523328
574,1,1.880480
575,1,1.657851
576,1,4.530743
577,1,1.533394
578,1,1.026010
579,1,2.634117
580,1,2.030314
581,1,2.215924
582,1,1.394791
583,1,2.837054
584,1,2.288240
585,1,0.845910
586,1,1.180511
587,1,2.300390
588,1,1.885912
589,1,2.614185
590,1,1.490104
591,1,0.611567
592,1,0.842236
593,1,1.616731
594,1,1.224029
595,1,3.993826
596,1,1.894227
597,1,1.347459
598,1,2.077868
599,1,1.486677
600,1,1.811025
601,1,0.556820
602,1,1.556534
603,1,1.178704
604,1,3.635690
605,1,0.781679
606,1,1.972936
607,1,2.281387
608,1,0.969833
609,1,2.188419
610,1,0.690555
611,1,1.494644
612,1,1.557351
613,1,2.133224
614,1,2.956471
615,1,2.184647
616,1,1.322827
617,1,1.722321
618,1,1.216779
619,1,1.850018
620,1,1.561403
621,1,1.845523
622,1,2.497184
623,1,0.927692
624,1,3.843572
625,1,0.674557
626,1,1.960971
627,1,1.444679
628,1,2.345469
629,1,2.040705
630,1,2.070411
631,1,0.245055
632,1,0.892626
633,1,1.666841
634,1,1.115499
635,1,1.745379
636,1,2.393624
637,1,1.531328
638,1,1.359340
639,1,1.350967
640,1,2.898674
641,1,0.642584
642,1,1.139413
643,1,1.805131
644,1,0.496208
645,1,2.763238
646,1,2.583506
647,1,3.633139
648,1,1.464692
649,1,1.389490
650,1,2.498489
651,1,2.278222
652,1,1.042669
653,1,1.194041
654,1,1.335194
655,1,1.557094
656,1,2.297293
657,1,1.334430
658,1,1.758691
659,1,0.678907
660,1,1.688157
661,1,1.753795
662,1,2.602496
663,1,2.528105
664,1,2.838361
665,1,2.229243
666,1,0.776677
667,1,1.300235
668,1,0.645613
669,1,1.888358
670,1,2.146174
671,1,1.916409
672,1,1.420783
673,1,1.685024
674,1,1.483018
675,1,1.317706
676,1,1.723682
677,1,1.986452
678,1,3.038667
679,1,0.732360
680,1,2.317165
681,1,1.552197
682,1,0.793380
683,1,1.617787
684,1,1.697776
685,1,1.107978
686,1,1.530302
687,1,2.603082
688,1,0.895676
689,1,2.222571
690,1,0.536550
691,1,0.834040
692,1,2.090165
693,1,1.662772
694,1,1.178969
695,1,2.187593
696,1,1.910238
697,1,1.413888
698,1,2.405138
699,1,0.927313
700,1,1.750663
701,1,1.581351
702,1,1.765702
703,1,1.834122
704,1,0.896374
705,1,1.784802
706,1,0.902049
707,1,0.646241
708,1,1.789025
709,1,1.057139
710,1,1.563636
711,1,1.664022
712,1,0.836573
713,1,3.384051
714,1,0.912067
715,1,2.360804
716,1,2.706615
717,1,2.346060
718,1,2.656448
719,1,1.098140
720,1,1.871909
721,1,2.698340
722,1,1.268390
723,1,0.755883
724,1,1.150201
725,1,1.029286
726,1,2.005617
727,1,1.821224
728,1,1.984646
729,1,1.498377
730,1,1.387482
731,1,1.379438
732,1,0.947893
733,1,3.402891
734,1,1.733912
735,1,1.067931
736,1,0.405816
737,1,1.433267
738,1,0.867890
739,1,2.758991
740,1,1.093310
741,1,0.601330
742,1,2.093779
743,1,1.764748
744,1,1.634000
745,1,2.138599
746,1,1.003450
747,1,1.814389
748,1,4.290647
749,1,2.687095
750,1,0.755047
751,1,1.756325
752,1,1.528602
753,1,1.526648
754,1,1.834994
755,1,2.090533
756,1,1.935403
757,1,3.114695
758,1,1.691026
759,1,2.570450
760,1,0.847365
761,1,1.448961
762,1,1.139681
763,1,0.704724
764,1,1.003240
765,1,1.685154
766,1,0.603376
767,1,0.829712
768,1,2.331237
769,1,2.310060
770,1,1.865763
771,1,1.719606
772,1,1.436109
773,1,2.242368
774,1,0.942014
775,1,1.421348
776,1,2.291152
777,1,1.268740
778,1,0.861497
779,1,1.046286
780,1,1.569740
781,1,1.322419
782,1,0.922695
783,1,0.581395
784,1,1.666558
785,1,2.032411
786,1,2.029158
787,1,1.617290
788,1,2.359601
789,1,0.356708
790,1,1.677229
791,1,1.742148
792,1,1.296881
793,1,2.104581
794,1,2.744831
795,1,1.729805
796,1,1.294280
797,1,2.276089
798,1,1.810558
799,1,3.593914
800,1,1.615651
801,1,2.114860
802,1,1.122437
803,1,1.243747
804,1,1.426489
805,1,3.183275
806,1,0.806720
807,1,2.440304
808,1,2.073824
809,1,1.811108
810,1,0.692788
811,1,0.627615
812,1,1.393601
813,1,0.955177
814,1,1.589824
815,1,0.919025
816,1,1.412402
817,1,1.116669
818,1,0.449585
819,1,0.551100
820,1,1.100887
821,1,1.087728
822,1,1.246114
823,1,0.742646
824,1,1.918476
825,1,1.457296
826,1,1.333682
827,1,1.790852
828,1,0.977434
829,1,0.771654
830,1,1.613522
831,1,1.810598
832,1,2.346530
833,1,2.003115
834,1,0.884352
835,1,1.063642
836,1,1.419500
837,1,0.885811
838,1,2.092224
839,1,0.544772
840,1,1.531958
841,1,1.161679
842,1,1.433599
843,1,2.739561
844,1,1.715590
845,1,1.986372
846,1,0.787967
847,1,2.890099
848,1,3.336297
849,1,0.681490
850,1,1.501270
851,1,0.529833
852,1,1.555982
853,1,1.823555
854,1,2.716707
855,1,0.915777
856,1,0.860929
857,1,1.787864
858,1,1.028802
859,1,2.142865
860,1,1.519260
861,1,2.059911
862,1,2.792238
863,1,2.304413
864,1,2.203382
865,1,0.825923
866,1,1.860893
867,1,3.146886
868,1,1.307661
869,1,1.839650
870,1,3.616768
871,1,2.153662
872,1,1.191141
873,1,1.315605
874,1,2.171536
875,1,2.149901
876,1,1.392286
877,1,0.865657
878,1,1.576473
879,1,2.774799
880,1,2.295841
881,1,0.422885
882,1,1.717356
883,1,1.687690
884,1,1.977787
885,1,0.762024
886,1,1.575411
887,1,1.482293
888,1,0.734306
889,1,1.553076
890,1,1.420198
891,1,2.013122
892,1,1.167263
893,1,2.537120
894,1,1.430754
895,1,2.235450
896,1,0.725501
897,1,2.868377
898,1,3.107950
899,1,1.641132
900,1,2.309333
901,1,2.014624
902,1,1.788478
903,1,1.240675
904,1,1.821764
905,1,1.658456
906,1,1.159257
907,1,3.267495
908,1,0.565067
909,1,2.943552
910,1,1.360702
911,1,1.045572
912,1,2.141353
913,1,1.721288
914,1,1.348437
915,1,2.151154
916,1,1.887981
917,1,1.950724
918,1,1.562322
919,1,2.595102
920,1,0.483983
921,1,0.907180
922,1,1.695938
923,1,2.459735
924,1,0.178798
925,1,1.431867
926,1,0.976288
927,1,1.120719
928,1,0.750444
929,1,1.735429
930,1,1.250036
931,1,0.831647
932,1,1.087144
933,1,1.085107
934,1,1.831557
935,1,3.730846
936,1,1.890540
937,1,0.847736
938,1,1.889288
939,1,0.368397
940,1,2.683647
941,1,2.724584
942,1,2.118257
943,1,1.494440
944,1,0.734985
945,1,1.178179
946,1,1.933015
947,1,1.954821
948,1,2.458196
949,1,1.090553
950,1,0.694750
951,1,2.149392
952,1,1.368312
953,1,2.863127
954,1,1.697970
955,1,1.021279
956,1,0.969225
957,1,2.125390
958,1,0.936978
959,1,1.871915
960,1,1.207117
961,1,3.139188
962,1,3.240074
963,1,1.423476
964,1,0.578042
965,1,2.317797
966,1,0.797843
967,1,0.362192
968,1,0.804944
969,1,2.171169
970,1,1.551244
971,1,0.814863
972,1,1.162027
973,1,1.224367
974,1,2.380479
975,1,1.650045
976,1,0.233243
977,1,1.991484
978,1,2.266621
979,1,2.024863
980,1,1.542815
981,1,1.405188
982,1,1.397139
983,1,1.736699
984,1,0.531889
985,1,0.511241
986,1,2.865349
987,1,1.643896
988,1,1.114307
989,1,1.637829
990,1,2.678131
991,1,1.770375
992,1,0.566002
993,1,2.305362
994,1,1.427896
995,1,1.254328
996,1,1.490886
997,1,1.672496
998,1,0.910717
999,1,2.193776
1000,1,2.704881
1001,1,2.514568
1002,1,0.882681
1003,1,1.884710
1004,1,2.021524
1005,1,0.596522
1006,1,0.607876
1007,1,1.774764
1008,1,2.277505
1009,1,1.307843
1010,1,2.078247
1011,1,1.279380
1012,1,1.348406
1013,1,1.967094
1014,1,1.225619
1015,1,1.465391
1016,1,1.776420
1017,1,3.030802
1018,1,0.960715
1019,1,1.803482
1020,1,1.225006
1021,1,1.539072
1022,1,2.445431
1023,1,2.297610
1024,1,2.326612
1025,1,1.709748
1026,1,0.721539
1027,1,1.301103
1028,1,0.873884
1029,1,1.159813
1030,1,0.767930
1031,1,2.234683
1032,1,0.470080
1033,1,1.463969
1034,1,2.839948
1035,1,2.054598
1036,1,1.668048
1037,1,1.061198
1038,1,3.328878
1039,1,1.521207
1040,1,1.773689
1041,1,1.361907
1042,1,2.594601
1043,1,1.688452
1044,1,0.747781
1045,1,1.523481
1046,1,2.165185
1047,1,1.842266
1048,1,2.179236
1049,1,2.541912
1050,1,1.525965
1051,1,1.709136
1052,1,1.717673
1053,1,1.317454
1054,1,2.312550
1055,1,0.296648
1056,1,2.007998
1057,1,0.529752
1058,1,0.841850
1059,1,0.608958
1060,1,1.181703
1061,1,1.257272
1062,1,1.344508
1063,1,1.821521
1064,1,1.759907
1065,1,2.780528
1066,1,3.390695
1067,1,2.048559
1068,1,3.485838
1069,1,1.689729
1070,1,1.180291
1071,1,0.772794
1072,1,1.446079
1073,1,1.244413
1074,1,0.940154
1075,1,0.664248
1076,1,1.139615
1077,1,1.430380
1078,1,3.722584
1079,1,1.030128
1080,1,1.181637
1081,1,1.253902
1082,1,1.114849
1083,1,0.989377
1084,1,1.842830
1085,1,1.593147
1086,1,2.288908
1087,1,1.565955
1088,1,0.829876
1089,1,2.207453
1090,1,1.514532
1091,1,0.643313
1092,1,1.132951
1093,1,1.660961
1094,1,1.094801
1095,1,2.319080
1096,1,1.172513
1097,1,1.095123
1098,1,0.606147
1099,1,1.929142
1100,1,2.233323
1101,1,0.687437
1102,1,1.168540
1103,1,1.087247
1104,1,1.055004
1105,1,1.471243
1106,1,1.313681
1107,1,1.402788
1108,1,2.934290
1109,1,2.333486
1110,1,0.560853
1111,1,0.531972
1112,1,1.505714
1113,1,1.392427
1114,1,2.294626
1115,1,2.449323
1116,1,1.274569
1117,1,2.072500
1118,1,0.425792
1119,1,1.352602
1120,1,0.674433
1121,1,1.070822
1122,1,1.312481
1123,1,1.719941
1124,1,1.105325
1125,1,1.005601
1126,1,1.582156
1127,1,2.099829
1128,1,1.190465
1129,1,1.133841
1130,1,0.933615
1131,1,1.911956
1132,1,1.254334
1133,1,1.685631
1134,1,0.511507
1135,1,1.449935
1136,1,2.756258
1137,1,1.183085
1138,1,1.815211
1139,1,2.155630
1140,1,1.630555
1141,1,1.044606
1142,1,1.328028
1143,1,1.766922
1144,1,1.718492
1145,1,1.059396
1146,1,1.576651
1147,1,2.194460
1148,1,1.502003
1149,1,1.565531
1150,1,1.023732
1151,1,1.734852
1152,1,2.538493
1153,1,1.350601
1154,1,2.004202
1155,1,0.804964
1156,1,1.723203
1157,1,1.231511
1158,1,1.333051
1159,1,1.377276
1160,1,1.558921
1161,1,1.216774
1162,1,1.678517
1163,1,1.144350
1164,1,2.501592
1165,1,2.026375
1166,1,0.882718
1167,1,1.407135
1168,1,1.800471
1169,1,0.893473
1170,1,1.355419
1171,1,1.372550
1172,1,0.998173
1173,1,1.957456
1174,1,1.609697
1175,1,1.719485
1176,1,1.198748
1177,1,1.501213
1178,1,1.382284
1179,1,1.603043
1180,1,0.450290
1181,1,0.775665
1182,1,1.758016
1183,1,2.612131
1184,1,1.394468
1185,1,1.391044
1186,1,1.209604
1187,1,3.789749
1188,1,1.063007
1189,1,1.090894
1190,1,0.955923
1191,1,1.371119
1192,1,0.714235
1193,1,1.708931
1194,1,1.215237
1195,1,0.574174
1196,1,1.233141
1197,1,1.099503
1198,1,1.360979
1199,1,2.506456
1200,1,2.231735
1201,1,1.543463
1202,1,1.924727
1203,1,2.133286
1204,1,1.672065
1205,1,1.497010
1206,1,0.965344
1207,1,1.491714
1208,1,1.562994
1209,1,1.386837
1210,1,1.123905
1211,1,2.169657
1212,1,1.734274
1213,1,0.977162
1214,1,1.756146
1215,1,2.056380
1216,1,1.630425
1217,1,2.227336
1218,1,1.782235
1219,1,1.573563
1220,1,1.947287
1221,1,2.530014
1222,1,1.169600
1223,1,1.922353
1224,1,2.846702
1225,1,1.393597
1226,1,2.469207
1227,1,1.209660
1228,1,2.090010
1229,1,1.599478
1230,1,1.955825
1231,1,2.109007
1232,1,0.900148
1233,1,2.154806
1234,1,2.445951
1235,1,2.348542
1236,1,0.943448
1237,1,1.004814
1238,1,1.607704
1239,1,2.165001
1240,1,1.180892
1241,1,0.835902
1242,1,1.237811
1243,1,0.801698
1244,1,1.954665
1245,1,1.845762
1246,1,2.073154
1247,1,2.525671
1248,1,0.651378
1249,1,1.349782
1250,1,1.244188
1251,1,1.298754
1252,1,1.313039
1253,1,1.174514
1254,1,1.667371
1255,1,1.030312
1256,1,2.996909
1257,1,2.078391
1258,1,2.106203
1259,1,2.762675
1260,1,0.810806
1261,1,1.581490
1262,1,1.653010
1263,1,0.939454
1264,1,1.077593
1265,1,2.025839
1266,1,2.226489
1267,1,0.894270
1268,1,1.620846
1269,1,1.550113
1270,1,2.409283
1271,1,0.724338
1272,1,1.557244
1273,1,1.354902
1274,1,1.188594
1275,1,0.932934
1276,1,0.960039
1277,1,1.060828
1278,1,1.606505
1279,1,2.062033
1280,1,2.487719
1281,1,2.259737
1282,1,2.458829
1283,1,0.559797
1284,1,1.002204
1285,1,1.791828
1286,1,1.579305
1287,1,1.197894
1288,1,1.779438
1289,1,2.308666
1290,1,1.590017
1291,1,0.843647
1292,1,2.003147
1293,1,1.309229
1294,1,1.760904
1295,1,1.506112
1296,1,1.414224
1297,1,0.577050
1298,1,1.420315
1299,1,1.475684
1300,1,1.503580
1301,1,1.700093
1302,1,1.677318
1303,1,0.554451
1304,1,1.945726
1305,1,1.281559
1306,1,1.931720
1307,1,0.822106
1308,1,2.050052
1309,1,0.452496
1310,1,3.946894
1311,1,1.249497
1312,1,1.018420
1313,1,1.532354
1314,1,1.484300
1315,1,1.147632
1316,1,1.162861
1317,1,0.704721
1318,1,1.120422
1319,1,1.119886
1320,1,1.913462
1321,1,1.392200
1322,1,0.463738
1323,1,1.130631
1324,1,1.187504
1325,1,0.925978
1326,1,2.551931
1327,1,1.861597
1328,1,1.709036
1329,1,1.333064
1330,1,1.229837
1331,1,2.558681
1332,1,2.101500
1333,1,0.592852
1334,1,2.292991
1335,1,1.934358
1336,1,1.290436
1337,1,2.433307
1338,1,2.557848
1339,1,0.752280
1340,1,0.458794
1341,1,1.572344
1342,1,1.430069
1343,1,1.548496
1344,1,3.185301
1345,1,1.518194
1346,1,0.992625
1347,1,2.267947
1348,1,1.717438
1349,1,1.076162
1350,1,2.186760
1351,1,1.061810
1352,1,2.760730
1353,1,1.643857
1354,1,2.321582
1355,1,0.911237
1356,1,0.878501
1357,1,1.955392
1358,1,1.082846
1359,1,0.855917
1360,1,2.236720
1361,0,
1362,0,
1363,0,
1364,0,
1365,0,
1366,0,
1367,0,
1368,0,
1369,0,
1370,0,
1371,0,
1372,0,
1373,0,
1374,0,
1,0,
2,0,
3,0,
4,0,
5,0,
6,0,
7,0,
8,0,
9,0,
10,0,
11,0,
12,0,
13,0,
14,0,
15,0,
16,0,
17,0,
18,0,
19,0,
20,0,
21,0,
22,0,
23,0,
24,0,
25,0,
26,0,
27,0,
28,0,
29,0,
30,0,
31,0,
32,0,
33,0,
34,0,
35,0,
36,0,
37,0,
38,0,
39,0,
40,0,
41,0,
42,0,
43,0,
44,0,
45,0,
46,0,
47,0,
48,0,
49,0,
50,0,
51,0,
52,0,
53,0,
54,0,
55,0,
56,0,
57,0,
58,0,
59,0,
60,0,
61,0,
62,0,
63,0,
64,0,
65,0,
66,0,
67,0,
68,0,
69,0,
70,0,
71,0,
72,0,
73,0,
74,0,
75,0,
76,0,
77,0,
78,0,
79,0,
80,0,
81,0,
82,0,
83,0,
84,0,
85,0,
86,0,
87,0,
88,0,
89,0,
90,0,
91,0,
92,0,
93,0,
94,0,
95,0,
96,0,
97,0,
98,0,
99,0,
100,0,
101,0,
102,0,
103,0,
104,0,
105,0,
106,0,
107,0,
108,0,
109,0,
110,0,
111,0,
112,0,
113,0,
114,0,
115,0,
116,0,
117,0,
118,0,
119,0,
120,0,
121,0,
122,0,
123,0,
124,0,
125,0,
126,0,
127,0,
128,0,
129,0,
130,0,
131,0,
132,0,
133,0,
134,0,
135,0,
136,0,
137,0,
138,0,
139,0,
140,0,
141,0,
142,0,
143,0,
144,0,
145,0,
146,0,
147,0,
148,0,
149,0,
150,0,
151,0,
152,0,
153,0,
154,0,
155,0,
156,0,
157,0,
158,0,
159,0,
160,0,
161,0,
162,0,
163,0,
164,0,
165,0,
166,0,
167,0,
168,0,
169,0,
170,0,
171,0,
172,0,
173,0,
174,0,
175,0,
176,0,
177,0,
178,0,
179,0,
180,0,
181,0,
182,0,
183,0,
184,0,
185,0,
186,0,
187,0,
188,0,
189,0,
190,0,
191,0,
192,0,
193,0,
194,0,
195,0,
196,0,
197,0,
198,0,
199,0,
200,0,
201,0,
202,0,
203,0,
204,0,
205,0,
206,0,
207,0,
208,0,
209,0,
210,0,
211,0,
212,0,
213,0,
214,0,
215,0,
216,0,
217,0,
218,0,
219,0,
220,0,
221,0,
222,0,
223,0,
224,0,
225,0,
226,0,
227,0,
228,0,
229,0,
230,0,
231,0,
232,0,
233,0,
234,0,
235,0,
236,0,
237,0,
238,0,
239,0,
240,0,
241,0,
242,0,
243,0,
244,0,
245,0,
246,0,
247,0,
248,0,
249,0,
250,0,
251,0,
252,0,
253,0,
254,0,
255,0,
256,0,
257,0,
258,0,
259,0,
260,0,
261,0,
262,0,
263,0,
264,0,
265,0,
266,0,
267,0,
268,0,
269,0,
270,0,
271,0,
272,0,
273,0,
274,0,
275,0,
276,0,
277,0,
278,0,
279,0,
280,0,
281,0,
282,0,
283,0,
284,0,
285,0,
286,0,
287,0,
288,0,
289,0,
290,0,
291,0,
292,0,
293,0,
294,0,
295,0,
296,0,
297,0,
298,0,
299,0,
300,0,
301,0,
302,0,
303,0,
304,0,
305,0,
306,0,
307,0,
308,0,
309,0,
310,0,
311,0,
312,0,
313,0,
314,0,
315,0,
316,0,
317,0,
318,0,
319,0,
320,0,
321,0,
322,0,
323,0,
324,0,
325,0,
326,0,
327,0,
328,0,
329,0,
330,0,
331,0,
332,0,
333,0,
334,0,
335,0,
336,0,
337,0,
338,0,
339,0,
340,0,
341,0,
342,0,
343,0,
344,0,
345,0,
346,0,
347,0,
348,0,
349,0,
350,0,
351,0,
352,0,
353,0,
354,0,
355,0,
356,0,
357,0,
358,0,
359,0,
360,0,
361,0,
362,0,
363,0,
364,0,
365,0,
366,0,
367,0,
368,0,
369,0,
370,0,
371,0,
372,0,
373,0,
374,0,
375,0,
376,0,
377,0,
378,0,
379,0,
380,0,
381,0,
382,0,
383,0,
384,0,
385,0,
386,0,
387,0,
388,0,
389,0,
390,0,
391,0,
392,0,
393,0,
394,0,
395,0,
396,0,
397,0,
398,0,
399,0,
400,0,
401,0,
402,0,
403,0,
404,0,
405,0,
406,0,
407,0,
408,0,
409,0,
410,0,
411,0,
412,0,
413,0,
414,0,
415,0,
416,0,
417,0,
418,0,
419,0,
420,0,
421,0,
422,0,
423,0,
424,0,
425,0,
426,0,
427,0,
428,0,
429,0,
430,0,
431,0,
432,0,
433,0,
434,0,
435,0,
436,0,
437,0,
438,0,
439,0,
440,0,
441,0,
442,0,
443,0,
444,0,
445,0,
446,0,
447,0,
448,0,
449,0,
450,0,
451,0,
452,0,
453,0,
454,0,
455,0,
456,0,
457,0,
458,0,
459,0,
460,0,
461,0,
462,0,
463,0,
464,0,
465,0,
466,0,
467,0,
468,0,
469,0,
470,0,
471,0,
472,0,
473,0,
474,0,
475,0,
476,0,
477,0,
478,0,
479,0,
480,0,
481,0,
482,0,
483,0,
484,0,
485,0,
486,0,
487,0,
488,0,
489,0,
490,0,
491,0,
492,0,
493,0,
494,1,1.436929
495,1,1.242566
496,1,2.322516
497,1,1.865240
498,1,1.132759
499,1,2.274159
500,1,1.237374
501,1,0.878648
502,1,1.597417
503,1,1.624400
504,1,1.528241
505,1,2.037950
506,1,1.279232
507,1,1.865199
508,1,1.206495
509,1,0.904038
510,1,1.745972
511,1,1.507945
512,1,1.606754
513,1,2.175634
514,1,0.420780
515,1,1.572748
516,1,0.676670
517,1,0.849455
518,1,1.085069
519,1,1.596782
520,1,1.367778
521,1,1.859214
522,1,2.895290
523,1,1.426672
524,1,1.882979
525,1,1.686672
526,1,1.696204
527,1,1.044429
528,1,1.160047
529,1,1.285180
530,1,1.503165
531,1,1.579792
532,1,1.985120
533,1,1.640411
534,1,1.061915
535,1,0.705518
536,1,1.064830
537,1,0.842489
538,1,1.911785
539,1,1.446076
540,1,1.705421
541,1,1.700251
542,1,4.149073
543,1,1.730038
544,1,2.919962
545,1,2.333428
546,1,1.444770
547,1,1.687910
548,1,1.166394
549,1,1.538088
550,1,1.175359
551,1,2.083624
552,1,1.926563
553,1,2.243447
554,1,1.779911
555,1,1.190260
556,1,1.352053
557,1,1.716859
558,1,2.029028
559,1,0.768471
560,1,2.388246
561,1,1.026243
562,1,1.242595
563,1,1.749804
564,1,1.249253
565,1,0.772118
566,1,2.551925
567,1,1.905609
568,1,1.322177
569,1,2.267536
570,1,2.407338
571,1,1.833358
572,1,0.462618
573,1,1.899609
574,1,2.172718
575,1,1.125005
576,1,0.573148
577,1,1.114466
578,1,1.858673
579,1,1.940057
580,1,2.876876
581,1,1.425464
582,0,
583,0,
584,0,
585,0,
586,0,
587,0,
588,0,
589,0,
590,1,0.799425
591,1,0.972810
592,1,1.852146
593,1,2.762163
594,1,0.811386
595,1,0.887490
596,1,1.541640
597,1,2.396023
598,1,2.125073
599,1,1.258289
600,1,1.587469
601,1,1.939902
602,1,1.180534
603,1,1.200161
604,1,1.850193
605,1,0.758118
606,1,1.030651
607,1,2.019092
608,1,2.455360
609,1,1.577145
610,1,2.128557
611,1,1.680315
612,1,1.741755
613,1,2.175292
614,1,1.478669
615,1,1.850809
616,1,2.349273
617,1,1.461009
618,1,2.110437
619,1,1.691553
620,1,0.776850
621,1,1.018879
622,1,2.209853
623,1,2.128442
624,1,1.923617
625,1,1.164865
626,1,3.044982
627,1,2.005568
628,1,1.532112
629,1,0.511316
630,1,1.191728
631,1,1.286662
632,1,1.628498
633,1,3.929986
634,1,1.659648
635,1,0.502678
636,1,1.464469
637,1,0.591007
638,1,1.607543
639,1,0.167533
640,1,1.781163
641,1,1.490008
642,1,1.675067
643,1,1.672964
644,1,0.896051
645,1,0.834281
646,1,1.716047
647,1,1.724650
648,1,0.978732
649,1,1.599609
650,1,2.163724
651,1,1.252977
652,1,0.726410
653,1,0.900631
654,1,0.679095
655,1,1.055737
656,1,0.689280
657,1,1.408746
658,1,1.792303
659,1,1.064368
660,1,1.614008
661,1,2.402576
662,1,2.592502
663,1,1.926888
664,1,0.704831
665,1,2.103200
666,1,1.774308
667,1,1.242237
668,1,1.769862
669,1,2.210765
670,1,0.693944
671,1,1.127681
672,1,1.939297
673,1,1.954148
674,1,2.584354
675,1,1.257286
676,1,1.645317
677,1,0.729673
678,1,1.104556
679,1,0.440400
680,1,2.749018
681,1,1.490286
682,1,2.744533
683,1,0.382085
684,1,0.798445
685,1,2.206764
686,1,1.573917
687,1,0.937882
688,1,0.745528
689,1,0.550403
690,1,2.653231
691,1,1.436941
692,1,1.010330
693,1,1.404215
694,1,1.983721
695,1,0.291472
696,1,1.508898
697,1,0.930248
698,1,1.414180
699,1,2.155498
700,1,0.384087
701,1,0.832814
702,1,1.128137
703,0,
704,0,
705,0,
706,0,
707,0,
708,0,
709,0,
710,0,
711,1,1.574934
712,1,2.150205
713,1,1.846997
714,1,0.718808
715,1,0.852343
716,1,1.149065
717,1,0.657323
718,1,1.449548
719,1,1.763837
720,1,1.129042
721,1,2.132194
722,1,3.145572
723,1,1.842851
724,1,2.218142
725,1,2.400554
726,1,1.692936
727,1,1.997575
728,1,1.039569
729,1,1.663120
730,1,2.495446
731,1,0.993464
732,1,1.470289
733,1,1.950958
734,1,3.047388
735,1,2.056087
736,1,1.229142
737,1,2.918853
738,1,2.085030
739,1,2.693123
740,1,1.067926
741,1,2.242249
742,1,1.547489
743,1,2.100492
744,1,1.483275
745,1,1.883042
746,1,0.364611
747,1,0.734863
748,1,1.035728
749,1,1.343348
750,0,
751,0,
752,0,
753,0,
754,0,
755,0,
756,0,
757,0,
758,0,
759,0,
760,0,
761,0,
762,0,
763,0,
764,0,
765,0,
766,0,
767,0,
768,0,
769,0,
770,0,
771,0,
772,0,
773,0,
1,0,
2,0,
3,0,
4,0,
5,0,
6,0,
7,0,
8,0,
9,0,
10,0,
11,0,
12,0,
13,0,
14,0,
15,0,
16,0,
17,0,
18,0,
19,0,
20,0,
21,0,
22,0,
23,0,
24,0,
25,0,
26,0,
27,0,
28,0,
29,0,
30,0,
31,0,
32,0,
33,0,
34,0,
35,0,
36,0,
37,0,
38,0,
39,0,
40,0,
41,0,
42,0,
43,0,
44,0,
45,0,
46,0,
47,0,
48,0,
49,0,
50,0,
51,0,
52,0,
53,0,
54,0,
55,0,
56,0,
57,0,
58,0,
59,0,
60,0,
61,0,
62,0,
63,0,
64,0,
65,0,
66,0,
67,0,
68,0,
69,0,
70,0,
71,0,
72,0,
73,0,
74,0,
75,0,
76,0,
77,0,
78,0,
79,0,
80,0,
81,0,
82,0,
83,0,
84,0,
85,0,
86,0,
87,0,
88,0,
89,0,
90,0,
91,0,
92,0,
93,0,
94,0,
95,0,
96,0,
97,0,
98,0,
99,0,
100,0,
101,0,
102,0,
103,0,
104,0,
105,0,
106,0,
107,0,
108,0,
109,0,
110,0,
111,0,
112,0,
113,0,
114,0,
115,0,
116,0,
117,0,
118,0,
119,0,
120,0,
121,0,
122,0,
123,0,
124,0,
125,0,
126,0,
127,0,
128,0,
129,0,
130,0,
131,0,
132,0,
133,0,
134,0,
135,0,
136,0,
137,0,
138,0,
139,0,
140,0,
141,0,
142,0,
143,0,
144,0,
145,0,
146,0,
147,0,
148,0,
149,0,
150,0,
151,0,
152,0,
153,0,
154,0,
155,0,
156,0,
157,0,
158,0,
159,0,
160,0,
161,0,
162,0,
163,0,
164,0,
165,0,
166,0,
167,0,
168,0,
169,0,
170,0,
171,0,
172,0,
173,0,
174,0,
175,0,
176,0,
177,0,
178,0,
179,0,
180,0,
181,0,
182,0,
183,0,
184,0,
185,0,
186,0,
187,0,
188,0,
189,0,
190,0,
191,0,
192,0,
193,0,
194,0,
195,0,
196,0,
197,0,
198,0,
199,0,
200,0,
201,0,
202,0,
203,0,
204,0,
205,0,
206,0,
207,0,
208,0,
209,0,
210,0,
211,0,
212,0,
213,0,
214,0,
215,0,
216,0,
217,0,
218,0,
219,0,
220,0,
221,0,
222,0,
223,0,
224,0,
225,0,
226,0,
227,0,
228,0,
229,0,
230,0,
231,0,
232,0,
233,0,
234,0,
235,0,
236,0,
237,0,
238,0,
239,0,
240,0,
241,0,
242,0,
243,0,
244,0,
245,0,
246,0,
247,0,
248,0,
249,0,
250,0,
251,0,
252,0,
253,0,
254,0,
255,0,
256,0,
257,0,
258,0,
259,0,
260,0,
261,0,
262,0,
263,0,
264,0,
265,0,
266,0,
267,0,
268,0,
269,0,
270,0,
271,0,
272,0,
273,0,
274,0,
275,0,
276,0,
277,0,
278,0,
279,0,
280,0,
281,0,
282,0,
283,0,
284,0,
285,0,
286,0,
287,0,
288,0,
289,0,
290,0,
291,0,
292,0,
293,0,
294,0,
295,0,
296,0,
297,0,
298,0,
299,0,
300,0,
301,0,
302,0,
303,0,
304,0,
305,0,
306,0,
307,0,
308,0,
309,0,
310,0,
311,0,
312,0,
313,0,
314,0,
315,0,
316,0,
317,0,
318,0,
319,0,
320,0,
321,0,
322,0,
323,0,
324,0,
325,0,
326,0,
327,0,
328,0,
329,0,
330,0,
331,0,
332,0,
333,0,
334,0,
335,0,
336,0,
337,0,
338,0,
339,0,
340,0,
341,0,
342,0,
343,0,
344,0,
345,0,
346,0,
347,0,
348,0,
349,0,
350,0,
351,0,
352,0,
353,0,
354,0,
355,0,
356,0,
357,0,
358,0,
359,0,
360,0,
361,0,
362,0,
363,0,
364,0,
365,0,
366,0,
367,0,
368,0,
369,0,
370,0,
371,0,
372,0,
373,0,
374,0,
375,0,
376,0,
377,0,
378,0,
379,0,
380,0,
381,0,
382,0,
383,0,
384,0,
385,0,
386,0,
387,0,
388,0,
389,0,
390,0,
391,0,
392,0,
393,0,
394,0,
395,0,
396,0,
397,0,
398,0,
399,0,
400,0,
401,0,
402,0,
403,0,
404,0,
405,0,
406,0,
407,0,
408,0,
409,0,
410,0,
411,0,
412,0,
413,0,
414,0,
415,0,
416,0,
417,0,
418,0,
419,0,
420,0,
421,0,
422,0,
423,0,
424,0,
425,0,
426,0,
427,0,
428,0,
429,0,
430,0,
431,0,
432,0,
433,0,
434,0,
435,0,
436,0,
437,0,
438,0,
439,0,
440,0,
441,0,
442,0,
443,0,
444,0,
445,0,
446,0,
447,0,
448,0,
449,0,
450,0,
451,0,
452,0,
453,0,
454,0,
455,0,
456,0,
457,0,
458,0,
459,0,
460,0,
461,0,
462,0,
463,0,
464,0,
465,0,
466,0,
467,0,
468,0,
469,0,
470,0,
471,0,
472,0,
473,0,
474,0,
475,0,
476,0,
477,0,
478,0,
479,0,
480,0,
481,0,
482,0,
483,0,
484,0,
485,0,
486,0,
487,0,
488,0,
489,0,
490,0,
491,0,
492,0,
493,0,
494,0,
495,0,
496,0,
497,0,
498,0,
499,0,
500,0,
501,0,
502,0,
503,0,
504,0,
505,0,
506,0,
507,0,
508,0,
509,0,
510,0,
511,0,
512,0,
513,0,
514,0,
515,0,
516,0,
517,0,
518,0,
519,0,
520,0,
521,0,
522,0,
523,0,
524,0,
525,0,
526,0,
527,0,
528,0,
529,0,
530,0,
531,0,
532,0,
533,0,
534,0,
535,0,
536,0,
537,0,
538,0,
539,0,
540,0,
541,0,
542,0,
543,0,
544,0,
545,0,
546,0,
547,0,
548,0,
549,0,
550,0,
551,0,
552,0,
553,0,
554,0,
555,0,
556,0,
557,0,
558,0,
559,0,
560,0,
561,0,
562,0,
563,0,
564,0,
565,0,
566,0,
567,0,
568,0,
569,0,
570,0,
571,0,
572,0,
573,0,
574,0,
575,0,
576,0,
577,0,
578,0,
579,0,
580,0,
581,0,
582,0,
583,0,
584,0,
585,0,
586,0,
587,0,
588,0,
589,0,
590,0,
591,0,
592,0,
593,0,
594,0,
595,0,
596,0,
597,0,
598,0,
599,0,
600,0,
601,0,
602,0,
603,0,
604,0,
605,0,
606,0,
607,0,
608,0,
609,0,
610,0,
611,0,
612,0,
613,0,
614,0,
615,0,
616,0,
617,0,
618,0,
619,0,
620,0,
621,0,
622,0,
623,0,
624,0,
625,0,
626,0,
627,0,
628,0,
629,0,
630,0,
631,0,
632,0,
633,0,
634,0,
635,0,
636,0,
637,0,
638,0,
639,0,
640,0,
641,0,
642,0,
643,0,
644,0,
645,0,
646,0,
647,0,
648,0,
649,0,
650,0,
651,0,
652,0,
653,0,
654,0,
655,0,
656,0,
657,0,
658,0,
659,0,
660,0,
661,0,
662,0,
663,0,
664,0,
665,0,
666,0,
667,0,
668,0,
669,0,
670,0,
671,0,
672,0,
673,0,
674,0,
675,0,
676,0,
677,0,
678,0,
679,0,
680,0,
681,0,
682,0,
683,0,
684,0,
685,0,
686,0,
687,0,
688,0,
689,0,
690,0,
691,0,
692,0,
693,0,
694,0,
695,0,
696,0,
697,0,
698,0,
699,0,
700,0,
701,0,
702,0,
703,0,
704,0,
705,0,
706,0,
707,0,
708,0,
709,0,
710,0,
711,0,
712,0,
713,0,
714,0,
715,0,
716,0,
717,0,
718,0,
719,0,
720,0,
721,0,
722,0,
723,0,
724,0,
725,0,
726,1,1.351006
727,1,0.816222
728,1,1.448535
729,1,2.768559
730,1,1.202561
731,1,0.591122
732,1,0.942470
733,1,1.117336
734,1,1.031443
735,1,1.344626
736,1,1.692960
737,1,1.180227
738,1,0.873712
739,1,2.257307
740,1,1.021715
741,1,1.756785
742,1,1.074957
743,1,2.743306
744,1,0.988341
745,1,2.425862
746,1,1.832140
747,1,1.683293
748,1,0.370837
749,1,0.808430
750,0,
751,0,
752,0,
753,0,
754,0,
755,0,
756,0,
757,0,
758,0,
759,0,
760,0,
761,0,
762,0,
763,0,
764,0,
765,0,
766,0,
767,0,
768,0,
769,0,
770,0,
771,0,
772,0,
773,0,
1,0,
2,0,
3,0,
4,0,
5,0,
6,0,
7,0,
8,0,
9,0,
10,0,
11,0,
12,1,1.845292
13,1,1.628711
14,1,0.555656
15,1,2.290590
16,1,1.660306
17,1,1.203325
18,1,0.603626
19,1,0.587788
20,1,2.709071
21,1,0.887955
22,1,1.463453
23,1,2.774559
24,1,0.348834
25,1,1.644203
26,1,0.597839
27,1,0.921009
28,1,1.398947
29,1,0.558520
30,1,1.704839
31,1,1.677894
32,1,1.033063
33,1,1.618357
34,1,1.649196
35,1,2.022082
36,1,2.904889
37,1,1.297522
38,1,1.361394
39,1,1.819600
40,1,2.524484
41,1,2.662095
42,1,1.926917
43,1,1.108886
44,1,0.838447
45,1,1.037194
46,1,1.227274
47,1,1.267523
48,1,2.792659
49,1,1.408664
50,1,0.861776
51,1,1.292780
52,1,2.492039
53,1,0.820954
54,1,1.770252
55,1,1.890040
56,1,2.136757
57,1,1.668531
58,1,1.386456
59,1,1.411866
60,0,
61,0,
62,0,
63,0,
64,0,
65,0,
66,0,
67,0,
68,0,
69,1,2.412732
70,1,1.870741
71,1,1.067378
72,1,1.127375
73,1,1.054077
74,1,1.310942
75,0,
76,0,
77,0,
78,0,
79,0,
80,0,
81,0,
82,0,
83,0,
84,1,1.141835
85,1,0.567008
86,1,1.234844
87,1,1.671669
88,1,0.911847
89,1,1.747772
90,1,1.363418
91,1,1.867061
92,1,1.742304
93,1,2.282029
94,1,0.852204
95,1,1.074728
96,1,2.448424
97,1,1.736790
98,1,1.075073
99,1,1.281057
100,1,2.293331
101,1,1.618016
102,1,1.778039
103,1,1.595343
104,1,2.072550
105,1,1.390633
106,1,1.904137
107,1,1.410398
108,1,0.904423
109,1,1.253976
110,1,1.680601
111,1,1.604130
112,1,0.805665
113,1,2.968008
114,1,1.525278
115,1,1.398793
116,1,1.653534
117,1,2.185377
118,1,2.366593
119,1,3.429167
120,1,1.221260
121,1,2.145846
122,1,0.520466
123,1,1.248484
124,1,1.664642
125,0,
126,0,
127,0,
128,0,
129,0,
130,0,
131,0,
132,0,
133,0,
134,0,
135,0,
136,0,
137,0,
